trip_id,bus_id,stop_seq,stop_name,latitude,longitude,distance_km,scheduled_arrival,actual_arrival,delay_sec,dwell_sec,headway_scheduled_sec,headway_actual_sec,bunching_flag
T001,KA-06-F-1201,1,Tumkur KSRTC Bus Stand,13.3392,77.1015,0.0,2026-08-10 06:00:00,2026-08-10 06:00:00,0,16,,,0
T001,KA-06-F-1201,2,Ashoka Circle,13.3428,77.1069,0.9,2026-08-10 06:02:27,2026-08-10 06:03:50,82,10,,,0
T001,KA-06-F-1201,3,Bhagat Singh Layout,13.3465,77.1122,1.9,2026-08-10 06:05:10,2026-08-10 06:08:00,169,15,,,0
T001,KA-06-F-1201,4,Tumkur City Railway Station,13.3499,77.118,2.9,2026-08-10 06:07:54,2026-08-10 06:11:52,237,6,,,0
T001,KA-06-F-1201,5,Antharasanahalli,13.3541,77.1249,4.1,2026-08-10 06:11:10,2026-08-10 06:16:50,339,21,,,0
T001,KA-06-F-1201,6,Vidyanagar Cross,13.3583,77.1318,5.3,2026-08-10 06:14:27,2026-08-10 06:21:31,424,19,,,0
T001,KA-06-F-1201,7,Maralenahalli Cross (NH-4),13.3628,77.1392,6.6,2026-08-10 06:18:00,2026-08-10 06:26:34,514,13,,,0
T001,KA-06-F-1201,8,Sira Road Junction,13.3671,77.1461,7.8,2026-08-10 06:21:16,2026-08-10 06:31:16,600,5,,,0
T001,KA-06-F-1201,9,SIET College Gate,13.3706,77.1523,8.9,2026-08-10 06:24:16,2026-08-10 06:35:27,670,13,,,0
T002,KA-06-F-1345,1,Tumkur KSRTC Bus Stand,13.3392,77.1015,0.0,2026-08-10 06:20:00,2026-08-10 06:20:00,0,47,1200,1200,0
T002,KA-06-F-1345,2,Ashoka Circle,13.3428,77.1069,0.9,2026-08-10 06:22:27,2026-08-10 06:24:33,126,29,1200,1243,0
T002,KA-06-F-1345,3,Bhagat Singh Layout,13.3465,77.1122,1.9,2026-08-10 06:25:10,2026-08-10 06:29:02,231,35,1200,1262,0
T002,KA-06-F-1345,4,Tumkur City Railway Station,13.3499,77.118,2.9,2026-08-10 06:27:54,2026-08-10 06:34:08,373,34,1200,1336,0
T002,KA-06-F-1345,5,Antharasanahalli,13.3541,77.1249,4.1,2026-08-10 06:31:10,2026-08-10 06:39:35,505,33,1200,1365,0
T002,KA-06-F-1345,6,Vidyanagar Cross,13.3583,77.1318,5.3,2026-08-10 06:34:27,2026-08-10 06:45:16,649,36,1200,1425,0
T002,KA-06-F-1345,7,Maralenahalli Cross (NH-4),13.3628,77.1392,6.6,2026-08-10 06:38:00,2026-08-10 06:51:30,810,19,1200,1496,0
T002,KA-06-F-1345,8,Sira Road Junction,13.3671,77.1461,7.8,2026-08-10 06:41:16,2026-08-10 06:56:36,920,24,1200,1520,0
T002,KA-06-F-1345,9,SIET College Gate,13.3706,77.1523,8.9,2026-08-10 06:44:16,2026-08-10 07:01:30,1034,38,1200,1563,0
T003,KA-06-F-1522,1,Tumkur KSRTC Bus Stand,13.3392,77.1015,0.0,2026-08-10 06:40:00,2026-08-10 06:40:00,0,30,1200,1200,0
T003,KA-06-F-1522,2,Ashoka Circle,13.3428,77.1069,0.9,2026-08-10 06:42:27,2026-08-10 06:43:35,68,37,1200,1142,0
T003,KA-06-F-1522,3,Bhagat Singh Layout,13.3465,77.1122,1.9,2026-08-10 06:45:10,2026-08-10 06:47:14,123,36,1200,1092,0
T003,KA-06-F-1522,4,Tumkur City Railway Station,13.3499,77.118,2.9,2026-08-10 06:47:54,2026-08-10 06:50:46,171,10,1200,998,0
T003,KA-06-F-1522,5,Antharasanahalli,13.3541,77.1249,4.1,2026-08-10 06:51:10,2026-08-10 06:54:26,195,27,1200,891,0
T003,KA-06-F-1522,6,Vidyanagar Cross,13.3583,77.1318,5.3,2026-08-10 06:54:27,2026-08-10 06:58:25,238,39,1200,789,0
T003,KA-06-F-1522,7,Maralenahalli Cross (NH-4),13.3628,77.1392,6.6,2026-08-10 06:58:00,2026-08-10 07:03:26,326,26,1200,716,0
T003,KA-06-F-1522,8,Sira Road Junction,13.3671,77.1461,7.8,2026-08-10 07:01:16,2026-08-10 07:07:29,373,42,1200,653,0
T003,KA-06-F-1522,9,SIET College Gate,13.3706,77.1523,8.9,2026-08-10 07:04:16,2026-08-10 07:11:31,435,43,1200,601,0
T004,KA-06-F-1678,1,Tumkur KSRTC Bus Stand,13.3392,77.1015,0.0,2026-08-10 07:00:00,2026-08-10 07:00:00,0,34,1200,1200,0
T004,KA-06-F-1678,2,Ashoka Circle,13.3428,77.1069,0.9,2026-08-10 07:02:27,2026-08-10 07:03:35,68,12,1200,1200,0
T004,KA-06-F-1678,3,Bhagat Singh Layout,13.3465,77.1122,1.9,2026-08-10 07:05:10,2026-08-10 07:06:50,99,46,1200,1176,0
T004,KA-06-F-1678,4,Tumkur City Railway Station,13.3499,77.118,2.9,2026-08-10 07:07:54,2026-08-10 07:10:42,168,23,1200,1196,0
T004,KA-06-F-1678,5,Antharasanahalli,13.3541,77.1249,4.1,2026-08-10 07:11:10,2026-08-10 07:14:39,208,15,1200,1213,0
T004,KA-06-F-1678,6,Vidyanagar Cross,13.3583,77.1318,5.3,2026-08-10 07:14:27,2026-08-10 07:18:53,266,36,1200,1228,0
T004,KA-06-F-1678,7,Maralenahalli Cross (NH-4),13.3628,77.1392,6.6,2026-08-10 07:18:00,2026-08-10 07:23:46,346,31,1200,1220,0
T004,KA-06-F-1678,8,Sira Road Junction,13.3671,77.1461,7.8,2026-08-10 07:21:16,2026-08-10 07:28:16,420,45,1200,1247,0
T004,KA-06-F-1678,9,SIET College Gate,13.3706,77.1523,8.9,2026-08-10 07:24:16,2026-08-10 07:32:36,500,24,1200,1265,0
T005,KA-06-F-1899,1,Tumkur KSRTC Bus Stand,13.3392,77.1015,0.0,2026-08-10 07:20:00,2026-08-10 07:20:00,0,33,1200,1200,0
T005,KA-06-F-1899,2,Ashoka Circle,13.3428,77.1069,0.9,2026-08-10 07:22:27,2026-08-10 07:24:07,99,17,1200,1232,0
T005,KA-06-F-1899,3,Bhagat Singh Layout,13.3465,77.1122,1.9,2026-08-10 07:25:10,2026-08-10 07:28:22,191,24,1200,1292,0
T005,KA-06-F-1899,4,Tumkur City Railway Station,13.3499,77.118,2.9,2026-08-10 07:27:54,2026-08-10 07:32:16,262,15,1200,1294,0
T005,KA-06-F-1899,5,Antharasanahalli,13.3541,77.1249,4.1,2026-08-10 07:31:10,2026-08-10 07:37:00,349,18,1200,1341,0
T005,KA-06-F-1899,6,Vidyanagar Cross,13.3583,77.1318,5.3,2026-08-10 07:34:27,2026-08-10 07:41:19,412,21,1200,1346,0
T005,KA-06-F-1899,7,Maralenahalli Cross (NH-4),13.3628,77.1392,6.6,2026-08-10 07:38:00,2026-08-10 07:46:50,530,11,1200,1384,0
T005,KA-06-F-1899,8,Sira Road Junction,13.3671,77.1461,7.8,2026-08-10 07:41:16,2026-08-10 07:51:08,592,25,1200,1372,0
T005,KA-06-F-1899,9,SIET College Gate,13.3706,77.1523,8.9,2026-08-10 07:44:16,2026-08-10 07:55:54,698,31,1200,1398,0
T006,KA-06-F-2011,1,Tumkur KSRTC Bus Stand,13.3392,77.1015,0.0,2026-08-10 07:40:00,2026-08-10 07:40:00,0,25,1200,1200,0
T006,KA-06-F-2011,2,Ashoka Circle,13.3428,77.1069,0.9,2026-08-10 07:42:27,2026-08-10 07:43:18,51,25,1200,1151,0
T006,KA-06-F-2011,3,Bhagat Singh Layout,13.3465,77.1122,1.9,2026-08-10 07:45:10,2026-08-10 07:46:35,84,15,1200,1093,0
T006,KA-06-F-2011,4,Tumkur City Railway Station,13.3499,77.118,2.9,2026-08-10 07:47:54,2026-08-10 07:49:45,111,28,1200,1049,0
T006,KA-06-F-2011,5,Antharasanahalli,13.3541,77.1249,4.1,2026-08-10 07:51:10,2026-08-10 07:53:51,160,16,1200,1011,0
T006,KA-06-F-2011,6,Vidyanagar Cross,13.3583,77.1318,5.3,2026-08-10 07:54:27,2026-08-10 07:57:52,204,14,1200,993,0
T006,KA-06-F-2011,7,Maralenahalli Cross (NH-4),13.3628,77.1392,6.6,2026-08-10 07:58:00,2026-08-10 08:02:31,271,26,1200,941,0
T006,KA-06-F-2011,8,Sira Road Junction,13.3671,77.1461,7.8,2026-08-10 08:01:16,2026-08-10 08:06:46,329,5,1200,938,0
T006,KA-06-F-2011,9,SIET College Gate,13.3706,77.1523,8.9,2026-08-10 08:04:16,2026-08-10 08:10:03,347,21,1200,849,0
T007,KA-06-F-1201,1,Tumkur KSRTC Bus Stand,13.3392,77.1015,0.0,2026-08-10 08:00:00,2026-08-10 08:00:00,0,36,1200,1200,0
T007,KA-06-F-1201,2,Ashoka Circle,13.3428,77.1069,0.9,2026-08-10 08:02:27,2026-08-10 08:03:15,48,25,1200,1197,0
T007,KA-06-F-1201,3,Bhagat Singh Layout,13.3465,77.1122,1.9,2026-08-10 08:05:10,2026-08-10 08:06:20,69,40,1200,1185,0
T007,KA-06-F-1201,4,Tumkur City Railway Station,13.3499,77.118,2.9,2026-08-10 08:07:54,2026-08-10 08:09:54,120,27,1200,1209,0
T007,KA-06-F-1201,5,Antharasanahalli,13.3541,77.1249,4.1,2026-08-10 08:11:10,2026-08-10 08:13:43,152,45,1200,1192,0
T007,KA-06-F-1201,6,Vidyanagar Cross,13.3583,77.1318,5.3,2026-08-10 08:14:27,2026-08-10 08:17:29,181,52,1200,1177,0
T007,KA-06-F-1201,7,Maralenahalli Cross (NH-4),13.3628,77.1392,6.6,2026-08-10 08:18:00,2026-08-10 08:21:37,217,27,1200,1146,0
T007,KA-06-F-1201,8,Sira Road Junction,13.3671,77.1461,7.8,2026-08-10 08:21:16,2026-08-10 08:25:37,260,29,1200,1131,0
T007,KA-06-F-1201,9,SIET College Gate,13.3706,77.1523,8.9,2026-08-10 08:24:16,2026-08-10 08:29:11,295,49,1200,1148,0
T008,KA-06-F-1345,1,Tumkur KSRTC Bus Stand,13.3392,77.1015,0.0,2026-08-10 08:20:00,2026-08-10 08:20:00,0,13,1200,1200,0
T008,KA-06-F-1345,2,Ashoka Circle,13.3428,77.1069,0.9,2026-08-10 08:22:27,2026-08-10 08:22:16,-11,18,1200,1141,0
T008,KA-06-F-1345,3,Bhagat Singh Layout,13.3465,77.1122,1.9,2026-08-10 08:25:10,2026-08-10 08:25:01,-8,14,1200,1121,0
T008,KA-06-F-1345,4,Tumkur City Railway Station,13.3499,77.118,2.9,2026-08-10 08:27:54,2026-08-10 08:27:57,2,16,1200,1083,0
T008,KA-06-F-1345,5,Antharasanahalli,13.3541,77.1249,4.1,2026-08-10 08:31:10,2026-08-10 08:31:23,13,5,1200,1060,0
T008,KA-06-F-1345,6,Vidyanagar Cross,13.3583,77.1318,5.3,2026-08-10 08:34:27,2026-08-10 08:34:26,0,9,1200,1017,0
T008,KA-06-F-1345,7,Maralenahalli Cross (NH-4),13.3628,77.1392,6.6,2026-08-10 08:38:00,2026-08-10 08:37:33,-26,13,1200,956,0
T008,KA-06-F-1345,8,Sira Road Junction,13.3671,77.1461,7.8,2026-08-10 08:41:16,2026-08-10 08:40:46,-30,17,1200,909,0
T008,KA-06-F-1345,9,SIET College Gate,13.3706,77.1523,8.9,2026-08-10 08:44:16,2026-08-10 08:43:38,-38,24,1200,867,0
T009,KA-06-F-1522,1,Tumkur KSRTC Bus Stand,13.3392,77.1015,0.0,2026-08-10 08:40:00,2026-08-10 08:40:00,0,20,1200,1200,0
T009,KA-06-F-1522,2,Ashoka Circle,13.3428,77.1069,0.9,2026-08-10 08:42:27,2026-08-10 08:42:35,8,36,1200,1219,0
T009,KA-06-F-1522,3,Bhagat Singh Layout,13.3465,77.1122,1.9,2026-08-10 08:45:10,2026-08-10 08:45:28,17,23,1200,1227,0
T009,KA-06-F-1522,4,Tumkur City Railway Station,13.3499,77.118,2.9,2026-08-10 08:47:54,2026-08-10 08:48:32,38,31,1200,1235,0
T009,KA-06-F-1522,5,Antharasanahalli,13.3541,77.1249,4.1,2026-08-10 08:51:10,2026-08-10 08:52:19,68,19,1200,1256,0
T009,KA-06-F-1522,6,Vidyanagar Cross,13.3583,77.1318,5.3,2026-08-10 08:54:27,2026-08-10 08:55:54,86,26,1200,1288,0
T009,KA-06-F-1522,7,Maralenahalli Cross (NH-4),13.3628,77.1392,6.6,2026-08-10 08:58:00,2026-08-10 08:59:24,84,32,1200,1311,0
T009,KA-06-F-1522,8,Sira Road Junction,13.3671,77.1461,7.8,2026-08-10 09:01:16,2026-08-10 09:03:11,114,30,1200,1345,0
T009,KA-06-F-1522,9,SIET College Gate,13.3706,77.1523,8.9,2026-08-10 09:04:16,2026-08-10 09:06:28,132,23,1200,1370,0
T010,KA-06-F-1678,1,Tumkur KSRTC Bus Stand,13.3392,77.1015,0.0,2026-08-10 09:00:00,2026-08-10 09:00:00,0,18,1200,1200,0
T010,KA-06-F-1678,2,Ashoka Circle,13.3428,77.1069,0.9,2026-08-10 09:02:27,2026-08-10 09:02:56,29,28,1200,1221,0
T010,KA-06-F-1678,3,Bhagat Singh Layout,13.3465,77.1122,1.9,2026-08-10 09:05:10,2026-08-10 09:06:09,58,14,1200,1241,0
T010,KA-06-F-1678,4,Tumkur City Railway Station,13.3499,77.118,2.9,2026-08-10 09:07:54,2026-08-10 09:08:58,63,20,1200,1226,0
T010,KA-06-F-1678,5,Antharasanahalli,13.3541,77.1249,4.1,2026-08-10 09:11:10,2026-08-10 09:12:51,100,13,1200,1232,0
T010,KA-06-F-1678,6,Vidyanagar Cross,13.3583,77.1318,5.3,2026-08-10 09:14:27,2026-08-10 09:16:24,116,10,1200,1230,0
T010,KA-06-F-1678,7,Maralenahalli Cross (NH-4),13.3628,77.1392,6.6,2026-08-10 09:18:00,2026-08-10 09:19:57,117,22,1200,1233,0
T010,KA-06-F-1678,8,Sira Road Junction,13.3671,77.1461,7.8,2026-08-10 09:21:16,2026-08-10 09:23:29,132,22,1200,1218,0
T010,KA-06-F-1678,9,SIET College Gate,13.3706,77.1523,8.9,2026-08-10 09:24:16,2026-08-10 09:26:54,158,18,1200,1226,0
T011,KA-06-F-1899,1,Tumkur KSRTC Bus Stand,13.3392,77.1015,0.0,2026-08-10 09:20:00,2026-08-10 09:20:00,0,35,1200,1200,0
T011,KA-06-F-1899,2,Ashoka Circle,13.3428,77.1069,0.9,2026-08-10 09:22:27,2026-08-10 09:23:01,33,34,1200,1205,0
T011,KA-06-F-1899,3,Bhagat Singh Layout,13.3465,77.1122,1.9,2026-08-10 09:25:10,2026-08-10 09:26:31,80,35,1200,1222,0
T011,KA-06-F-1899,4,Tumkur City Railway Station,13.3499,77.118,2.9,2026-08-10 09:27:54,2026-08-10 09:29:38,104,39,1200,1240,0
T011,KA-06-F-1899,5,Antharasanahalli,13.3541,77.1249,4.1,2026-08-10 09:31:10,2026-08-10 09:33:52,161,37,1200,1261,0
T011,KA-06-F-1899,6,Vidyanagar Cross,13.3583,77.1318,5.3,2026-08-10 09:34:27,2026-08-10 09:38:02,215,16,1200,1298,0
T011,KA-06-F-1899,7,Maralenahalli Cross (NH-4),13.3628,77.1392,6.6,2026-08-10 09:38:00,2026-08-10 09:41:45,225,30,1200,1308,0
T011,KA-06-F-1899,8,Sira Road Junction,13.3671,77.1461,7.8,2026-08-10 09:41:16,2026-08-10 09:45:49,272,31,1200,1340,0
T011,KA-06-F-1899,9,SIET College Gate,13.3706,77.1523,8.9,2026-08-10 09:44:16,2026-08-10 09:49:11,295,32,1200,1337,0
T012,KA-06-F-2011,1,Tumkur KSRTC Bus Stand,13.3392,77.1015,0.0,2026-08-10 09:40:00,2026-08-10 09:40:00,0,26,1200,1200,0
T012,KA-06-F-2011,2,Ashoka Circle,13.3428,77.1069,0.9,2026-08-10 09:42:27,2026-08-10 09:42:56,28,25,1200,1195,0
T012,KA-06-F-2011,3,Bhagat Singh Layout,13.3465,77.1122,1.9,2026-08-10 09:45:10,2026-08-10 09:45:50,39,21,1200,1159,0
T012,KA-06-F-2011,4,Tumkur City Railway Station,13.3499,77.118,2.9,2026-08-10 09:47:54,2026-08-10 09:49:03,68,20,1200,1165,0
T012,KA-06-F-2011,5,Antharasanahalli,13.3541,77.1249,4.1,2026-08-10 09:51:10,2026-08-10 09:52:42,91,10,1200,1130,0
T012,KA-06-F-2011,6,Vidyanagar Cross,13.3583,77.1318,5.3,2026-08-10 09:54:27,2026-08-10 09:55:52,85,28,1200,1070,0
T012,KA-06-F-2011,7,Maralenahalli Cross (NH-4),13.3628,77.1392,6.6,2026-08-10 09:58:00,2026-08-10 09:59:44,104,18,1200,1079,0
T012,KA-06-F-2011,8,Sira Road Junction,13.3671,77.1461,7.8,2026-08-10 10:01:16,2026-08-10 10:03:33,136,12,1200,1064,0
T012,KA-06-F-2011,9,SIET College Gate,13.3706,77.1523,8.9,2026-08-10 10:04:16,2026-08-10 10:06:42,146,38,1200,1051,0
T013,KA-06-F-1201,1,Tumkur KSRTC Bus Stand,13.3392,77.1015,0.0,2026-08-10 10:00:00,2026-08-10 10:00:00,0,14,1200,1200,0
T013,KA-06-F-1201,2,Ashoka Circle,13.3428,77.1069,0.9,2026-08-10 10:02:27,2026-08-10 10:03:04,36,17,1200,1208,0
T013,KA-06-F-1201,3,Bhagat Singh Layout,13.3465,77.1122,1.9,2026-08-10 10:05:10,2026-08-10 10:06:14,63,12,1200,1224,0
T013,KA-06-F-1201,4,Tumkur City Railway Station,13.3499,77.118,2.9,2026-08-10 10:07:54,2026-08-10 10:09:34,100,14,1200,1231,0
T013,KA-06-F-1201,5,Antharasanahalli,13.3541,77.1249,4.1,2026-08-10 10:11:10,2026-08-10 10:13:19,128,18,1200,1237,0
T013,KA-06-F-1201,6,Vidyanagar Cross,13.3583,77.1318,5.3,2026-08-10 10:14:27,2026-08-10 10:17:08,160,16,1200,1276,0
T013,KA-06-F-1201,7,Maralenahalli Cross (NH-4),13.3628,77.1392,6.6,2026-08-10 10:18:00,2026-08-10 10:21:33,213,25,1200,1309,0
T013,KA-06-F-1201,8,Sira Road Junction,13.3671,77.1461,7.8,2026-08-10 10:21:16,2026-08-10 10:25:40,264,11,1200,1327,0
T013,KA-06-F-1201,9,SIET College Gate,13.3706,77.1523,8.9,2026-08-10 10:24:16,2026-08-10 10:29:39,323,25,1200,1377,0
T014,KA-06-F-1345,1,Tumkur KSRTC Bus Stand,13.3392,77.1015,0.0,2026-08-10 10:20:00,2026-08-10 10:20:00,0,31,1200,1200,0
T014,KA-06-F-1345,2,Ashoka Circle,13.3428,77.1069,0.9,2026-08-10 10:22:27,2026-08-10 10:23:06,39,29,1200,1202,0
T014,KA-06-F-1345,3,Bhagat Singh Layout,13.3465,77.1122,1.9,2026-08-10 10:25:10,2026-08-10 10:26:54,103,37,1200,1240,0
T014,KA-06-F-1345,4,Tumkur City Railway Station,13.3499,77.118,2.9,2026-08-10 10:27:54,2026-08-10 10:30:43,169,22,1200,1269,0
T014,KA-06-F-1345,5,Antharasanahalli,13.3541,77.1249,4.1,2026-08-10 10:31:10,2026-08-10 10:35:00,229,19,1200,1301,0
T014,KA-06-F-1345,6,Vidyanagar Cross,13.3583,77.1318,5.3,2026-08-10 10:34:27,2026-08-10 10:38:53,266,33,1200,1305,0
T014,KA-06-F-1345,7,Maralenahalli Cross (NH-4),13.3628,77.1392,6.6,2026-08-10 10:38:00,2026-08-10 10:43:09,309,29,1200,1296,0
T014,KA-06-F-1345,8,Sira Road Junction,13.3671,77.1461,7.8,2026-08-10 10:41:16,2026-08-10 10:47:03,347,30,1200,1283,0
T014,KA-06-F-1345,9,SIET College Gate,13.3706,77.1523,8.9,2026-08-10 10:44:16,2026-08-10 10:51:11,414,27,1200,1292,0
T015,KA-06-F-1522,1,Tumkur KSRTC Bus Stand,13.3392,77.1015,0.0,2026-08-10 10:40:00,2026-08-10 10:40:00,0,38,1200,1200,0
T015,KA-06-F-1522,2,Ashoka Circle,13.3428,77.1069,0.9,2026-08-10 10:42:27,2026-08-10 10:43:16,48,28,1200,1210,0
T015,KA-06-F-1522,3,Bhagat Singh Layout,13.3465,77.1122,1.9,2026-08-10 10:45:10,2026-08-10 10:46:17,66,30,1200,1163,0
T015,KA-06-F-1522,4,Tumkur City Railway Station,13.3499,77.118,2.9,2026-08-10 10:47:54,2026-08-10 10:49:16,82,22,1200,1113,0
T015,KA-06-F-1522,5,Antharasanahalli,13.3541,77.1249,4.1,2026-08-10 10:51:10,2026-08-10 10:52:49,98,48,1200,1069,0
T015,KA-06-F-1522,6,Vidyanagar Cross,13.3583,77.1318,5.3,2026-08-10 10:54:27,2026-08-10 10:57:01,154,34,1200,1088,0
T015,KA-06-F-1522,7,Maralenahalli Cross (NH-4),13.3628,77.1392,6.6,2026-08-10 10:58:00,2026-08-10 11:01:01,181,37,1200,1072,0
T015,KA-06-F-1522,8,Sira Road Junction,13.3671,77.1461,7.8,2026-08-10 11:01:16,2026-08-10 11:05:11,235,31,1200,1088,0
T015,KA-06-F-1522,9,SIET College Gate,13.3706,77.1523,8.9,2026-08-10 11:04:16,2026-08-10 11:08:57,281,27,1200,1066,0
T016,KA-06-F-1678,1,Tumkur KSRTC Bus Stand,13.3392,77.1015,0.0,2026-08-10 11:00:00,2026-08-10 11:00:00,0,16,1200,1200,0
T016,KA-06-F-1678,2,Ashoka Circle,13.3428,77.1069,0.9,2026-08-10 11:02:27,2026-08-10 11:03:10,43,12,1200,1194,0
T016,KA-06-F-1678,3,Bhagat Singh Layout,13.3465,77.1122,1.9,2026-08-10 11:05:10,2026-08-10 11:06:30,79,5,1200,1213,0
T016,KA-06-F-1678,4,Tumkur City Railway Station,13.3499,77.118,2.9,2026-08-10 11:07:54,2026-08-10 11:09:53,119,20,1200,1237,0
T016,KA-06-F-1678,5,Antharasanahalli,13.3541,77.1249,4.1,2026-08-10 11:11:10,2026-08-10 11:13:53,162,17,1200,1264,0
T016,KA-06-F-1678,6,Vidyanagar Cross,13.3583,77.1318,5.3,2026-08-10 11:14:27,2026-08-10 11:17:42,195,25,1200,1241,0
T016,KA-06-F-1678,7,Maralenahalli Cross (NH-4),13.3628,77.1392,6.6,2026-08-10 11:18:00,2026-08-10 11:22:31,271,20,1200,1290,0
T016,KA-06-F-1678,8,Sira Road Junction,13.3671,77.1461,7.8,2026-08-10 11:21:16,2026-08-10 11:26:17,301,23,1200,1266,0
T016,KA-06-F-1678,9,SIET College Gate,13.3706,77.1523,8.9,2026-08-10 11:24:16,2026-08-10 11:29:59,343,25,1200,1262,0
T017,KA-06-F-1899,1,Tumkur KSRTC Bus Stand,13.3392,77.1015,0.0,2026-08-10 11:20:00,2026-08-10 11:20:00,0,28,1200,1200,0
T017,KA-06-F-1899,2,Ashoka Circle,13.3428,77.1069,0.9,2026-08-10 11:22:27,2026-08-10 11:23:04,37,21,1200,1194,0
T017,KA-06-F-1899,3,Bhagat Singh Layout,13.3465,77.1122,1.9,2026-08-10 11:25:10,2026-08-10 11:26:32,81,19,1200,1202,0
T017,KA-06-F-1899,4,Tumkur City Railway Station,13.3499,77.118,2.9,2026-08-10 11:27:54,2026-08-10 11:30:13,139,5,1200,1220,0
T017,KA-06-F-1899,5,Antharasanahalli,13.3541,77.1249,4.1,2026-08-10 11:31:10,2026-08-10 11:34:22,191,8,1200,1229,0
T017,KA-06-F-1899,6,Vidyanagar Cross,13.3583,77.1318,5.3,2026-08-10 11:34:27,2026-08-10 11:38:03,216,30,1200,1221,0
T017,KA-06-F-1899,7,Maralenahalli Cross (NH-4),13.3628,77.1392,6.6,2026-08-10 11:38:00,2026-08-10 11:42:21,261,18,1200,1190,0
T017,KA-06-F-1899,8,Sira Road Junction,13.3671,77.1461,7.8,2026-08-10 11:41:16,2026-08-10 11:46:37,321,10,1200,1220,0
T017,KA-06-F-1899,9,SIET College Gate,13.3706,77.1523,8.9,2026-08-10 11:44:16,2026-08-10 11:50:32,376,17,1200,1233,0
T018,KA-06-F-2011,1,Tumkur KSRTC Bus Stand,13.3392,77.1015,0.0,2026-08-10 11:40:00,2026-08-10 11:40:00,0,19,1200,1200,0
T018,KA-06-F-2011,2,Ashoka Circle,13.3428,77.1069,0.9,2026-08-10 11:42:27,2026-08-10 11:42:39,12,40,1200,1175,0
T018,KA-06-F-2011,3,Bhagat Singh Layout,13.3465,77.1122,1.9,2026-08-10 11:45:10,2026-08-10 11:46:14,63,32,1200,1182,0
T018,KA-06-F-2011,4,Tumkur City Railway Station,13.3499,77.118,2.9,2026-08-10 11:47:54,2026-08-10 11:49:21,86,39,1200,1148,0
T018,KA-06-F-2011,5,Antharasanahalli,13.3541,77.1249,4.1,2026-08-10 11:51:10,2026-08-10 11:53:29,139,42,1200,1147,0
T018,KA-06-F-2011,6,Vidyanagar Cross,13.3583,77.1318,5.3,2026-08-10 11:54:27,2026-08-10 11:57:12,165,37,1200,1149,0
T018,KA-06-F-2011,7,Maralenahalli Cross (NH-4),13.3628,77.1392,6.6,2026-08-10 11:58:00,2026-08-10 12:01:15,195,27,1200,1134,0
T018,KA-06-F-2011,8,Sira Road Junction,13.3671,77.1461,7.8,2026-08-10 12:01:16,2026-08-10 12:04:50,213,35,1200,1093,0
T018,KA-06-F-2011,9,SIET College Gate,13.3706,77.1523,8.9,2026-08-10 12:04:16,2026-08-10 12:08:18,241,40,1200,1066,0
T019,KA-06-F-1201,1,Tumkur KSRTC Bus Stand,13.3392,77.1015,0.0,2026-08-10 12:00:00,2026-08-10 12:00:00,0,36,1200,1200,0
T019,KA-06-F-1201,2,Ashoka Circle,13.3428,77.1069,0.9,2026-08-10 12:02:27,2026-08-10 12:02:54,27,28,1200,1215,0
T019,KA-06-F-1201,3,Bhagat Singh Layout,13.3465,77.1122,1.9,2026-08-10 12:05:10,2026-08-10 12:06:07,56,28,1200,1193,0
T019,KA-06-F-1201,4,Tumkur City Railway Station,13.3499,77.118,2.9,2026-08-10 12:07:54,2026-08-10 12:09:28,93,46,1200,1207,0
T019,KA-06-F-1201,5,Antharasanahalli,13.3541,77.1249,4.1,2026-08-10 12:11:10,2026-08-10 12:13:51,160,35,1200,1222,0
T019,KA-06-F-1201,6,Vidyanagar Cross,13.3583,77.1318,5.3,2026-08-10 12:14:27,2026-08-10 12:17:29,182,39,1200,1217,0
T019,KA-06-F-1201,7,Maralenahalli Cross (NH-4),13.3628,77.1392,6.6,2026-08-10 12:18:00,2026-08-10 12:21:23,203,31,1200,1208,0
T019,KA-06-F-1201,8,Sira Road Junction,13.3671,77.1461,7.8,2026-08-10 12:21:16,2026-08-10 12:25:14,238,44,1200,1224,0
T019,KA-06-F-1201,9,SIET College Gate,13.3706,77.1523,8.9,2026-08-10 12:24:16,2026-08-10 12:28:42,266,14,1200,1224,0
T020,KA-06-F-1345,1,Tumkur KSRTC Bus Stand,13.3392,77.1015,0.0,2026-08-10 12:20:00,2026-08-10 12:20:00,0,29,1200,1200,0
T020,KA-06-F-1345,2,Ashoka Circle,13.3428,77.1069,0.9,2026-08-10 12:22:27,2026-08-10 12:22:40,13,13,1200,1186,0
T020,KA-06-F-1345,3,Bhagat Singh Layout,13.3465,77.1122,1.9,2026-08-10 12:25:10,2026-08-10 12:25:26,15,22,1200,1159,0
T020,KA-06-F-1345,4,Tumkur City Railway Station,13.3499,77.118,2.9,2026-08-10 12:27:54,2026-08-10 12:28:05,10,25,1200,1117,0
T020,KA-06-F-1345,5,Antharasanahalli,13.3541,77.1249,4.1,2026-08-10 12:31:10,2026-08-10 12:31:19,8,44,1200,1048,0
T020,KA-06-F-1345,6,Vidyanagar Cross,13.3583,77.1318,5.3,2026-08-10 12:34:27,2026-08-10 12:34:35,8,46,1200,1026,0
T020,KA-06-F-1345,7,Maralenahalli Cross (NH-4),13.3628,77.1392,6.6,2026-08-10 12:38:00,2026-08-10 12:38:34,34,44,1200,1031,0
T020,KA-06-F-1345,8,Sira Road Junction,13.3671,77.1461,7.8,2026-08-10 12:41:16,2026-08-10 12:42:21,65,24,1200,1027,0
T020,KA-06-F-1345,9,SIET College Gate,13.3706,77.1523,8.9,2026-08-10 12:44:16,2026-08-10 12:45:09,53,37,1200,987,0
T021,KA-06-F-1522,1,Tumkur KSRTC Bus Stand,13.3392,77.1015,0.0,2026-08-10 12:40:00,2026-08-10 12:40:00,0,29,1200,1200,0
T021,KA-06-F-1522,2,Ashoka Circle,13.3428,77.1069,0.9,2026-08-10 12:42:27,2026-08-10 12:43:53,86,17,1200,1273,0
T021,KA-06-F-1522,3,Bhagat Singh Layout,13.3465,77.1122,1.9,2026-08-10 12:45:10,2026-08-10 12:48:12,181,26,1200,1366,0
T021,KA-06-F-1522,4,Tumkur City Railway Station,13.3499,77.118,2.9,2026-08-10 12:47:54,2026-08-10 12:52:27,272,23,1200,1462,0
T021,KA-06-F-1522,5,Antharasanahalli,13.3541,77.1249,4.1,2026-08-10 12:51:10,2026-08-10 12:56:58,347,28,1200,1539,0
T021,KA-06-F-1522,6,Vidyanagar Cross,13.3583,77.1318,5.3,2026-08-10 12:54:27,2026-08-10 13:02:01,454,23,1200,1646,0
T021,KA-06-F-1522,7,Maralenahalli Cross (NH-4),13.3628,77.1392,6.6,2026-08-10 12:58:00,2026-08-10 13:07:17,557,24,1200,1723,0
T021,KA-06-F-1522,8,Sira Road Junction,13.3671,77.1461,7.8,2026-08-10 13:01:16,2026-08-10 13:12:27,671,33,1200,1806,0
T021,KA-06-F-1522,9,SIET College Gate,13.3706,77.1523,8.9,2026-08-10 13:04:16,2026-08-10 13:17:07,771,41,1200,1918,0
T022,KA-06-F-1678,1,Tumkur KSRTC Bus Stand,13.3392,77.1015,0.0,2026-08-10 13:00:00,2026-08-10 13:00:00,0,23,1200,1200,0
T022,KA-06-F-1678,2,Ashoka Circle,13.3428,77.1069,0.9,2026-08-10 13:02:27,2026-08-10 13:02:41,13,27,1200,1128,0
T022,KA-06-F-1678,3,Bhagat Singh Layout,13.3465,77.1122,1.9,2026-08-10 13:05:10,2026-08-10 13:05:41,30,27,1200,1049,0
T022,KA-06-F-1678,4,Tumkur City Railway Station,13.3499,77.118,2.9,2026-08-10 13:07:54,2026-08-10 13:08:38,43,17,1200,971,0
T022,KA-06-F-1678,5,Antharasanahalli,13.3541,77.1249,4.1,2026-08-10 13:11:10,2026-08-10 13:11:53,42,21,1200,895,0
T022,KA-06-F-1678,6,Vidyanagar Cross,13.3583,77.1318,5.3,2026-08-10 13:14:27,2026-08-10 13:15:13,45,29,1200,792,0
T022,KA-06-F-1678,7,Maralenahalli Cross (NH-4),13.3628,77.1392,6.6,2026-08-10 13:18:00,2026-08-10 13:18:39,39,36,1200,682,0
T022,KA-06-F-1678,8,Sira Road Junction,13.3671,77.1461,7.8,2026-08-10 13:21:16,2026-08-10 13:22:02,45,29,1200,575,0
T022,KA-06-F-1678,9,SIET College Gate,13.3706,77.1523,8.9,2026-08-10 13:24:16,2026-08-10 13:25:12,56,30,1200,485,0
T023,KA-06-F-1899,1,Tumkur KSRTC Bus Stand,13.3392,77.1015,0.0,2026-08-10 13:20:00,2026-08-10 13:20:00,0,44,1200,1200,0
T023,KA-06-F-1899,2,Ashoka Circle,13.3428,77.1069,0.9,2026-08-10 13:22:27,2026-08-10 13:24:13,106,38,1200,1292,0
T023,KA-06-F-1899,3,Bhagat Singh Layout,13.3465,77.1122,1.9,2026-08-10 13:25:10,2026-08-10 13:28:41,210,29,1200,1380,0
T023,KA-06-F-1899,4,Tumkur City Railway Station,13.3499,77.118,2.9,2026-08-10 13:27:54,2026-08-10 13:33:13,318,23,1200,1475,0
T023,KA-06-F-1899,5,Antharasanahalli,13.3541,77.1249,4.1,2026-08-10 13:31:10,2026-08-10 13:37:38,387,17,1200,1545,0
T023,KA-06-F-1899,6,Vidyanagar Cross,13.3583,77.1318,5.3,2026-08-10 13:34:27,2026-08-10 13:42:22,475,18,1200,1629,0
T023,KA-06-F-1899,7,Maralenahalli Cross (NH-4),13.3628,77.1392,6.6,2026-08-10 13:38:00,2026-08-10 13:47:07,547,16,1200,1708,0
T023,KA-06-F-1899,8,Sira Road Junction,13.3671,77.1461,7.8,2026-08-10 13:41:16,2026-08-10 13:51:54,638,21,1200,1792,0
T023,KA-06-F-1899,9,SIET College Gate,13.3706,77.1523,8.9,2026-08-10 13:44:16,2026-08-10 13:56:23,727,34,1200,1871,0
T024,KA-06-F-2011,1,Tumkur KSRTC Bus Stand,13.3392,77.1015,0.0,2026-08-10 13:40:00,2026-08-10 13:40:00,0,42,1200,1200,0
T024,KA-06-F-2011,2,Ashoka Circle,13.3428,77.1069,0.9,2026-08-10 13:42:27,2026-08-10 13:44:20,113,33,1200,1207,0
T024,KA-06-F-2011,3,Bhagat Singh Layout,13.3465,77.1122,1.9,2026-08-10 13:45:10,2026-08-10 13:49:00,229,27,1200,1219,0
T024,KA-06-F-2011,4,Tumkur City Railway Station,13.3499,77.118,2.9,2026-08-10 13:47:54,2026-08-10 13:53:39,344,22,1200,1226,0
T024,KA-06-F-2011,5,Antharasanahalli,13.3541,77.1249,4.1,2026-08-10 13:51:10,2026-08-10 13:58:51,460,35,1200,1273,0
T024,KA-06-F-2011,6,Vidyanagar Cross,13.3583,77.1318,5.3,2026-08-10 13:54:27,2026-08-10 14:05:06,639,38,1200,1364,0
T024,KA-06-F-2011,7,Maralenahalli Cross (NH-4),13.3628,77.1392,6.6,2026-08-10 13:58:00,2026-08-10 14:11:22,802,39,1200,1455,0
T024,KA-06-F-2011,8,Sira Road Junction,13.3671,77.1461,7.8,2026-08-10 14:01:16,2026-08-10 14:17:12,955,27,1200,1518,0
T024,KA-06-F-2011,9,SIET College Gate,13.3706,77.1523,8.9,2026-08-10 14:04:16,2026-08-10 14:22:30,1094,45,1200,1567,0
T025,KA-06-F-1201,1,Tumkur KSRTC Bus Stand,13.3392,77.1015,0.0,2026-08-10 14:00:00,2026-08-10 14:00:00,0,14,1200,1200,0
T025,KA-06-F-1201,2,Ashoka Circle,13.3428,77.1069,0.9,2026-08-10 14:02:27,2026-08-10 14:04:07,100,29,1200,1187,0
T025,KA-06-F-1201,3,Bhagat Singh Layout,13.3465,77.1122,1.9,2026-08-10 14:05:10,2026-08-10 14:08:38,208,29,1200,1178,0
T025,KA-06-F-1201,4,Tumkur City Railway Station,13.3499,77.118,2.9,2026-08-10 14:07:54,2026-08-10 14:13:43,348,20,1200,1204,0
T025,KA-06-F-1201,5,Antharasanahalli,13.3541,77.1249,4.1,2026-08-10 14:11:10,2026-08-10 14:19:33,503,20,1200,1242,0
T025,KA-06-F-1201,6,Vidyanagar Cross,13.3583,77.1318,5.3,2026-08-10 14:14:27,2026-08-10 14:25:06,639,19,1200,1200,0
T025,KA-06-F-1201,7,Maralenahalli Cross (NH-4),13.3628,77.1392,6.6,2026-08-10 14:18:00,2026-08-10 14:30:57,777,29,1200,1175,0
T025,KA-06-F-1201,8,Sira Road Junction,13.3671,77.1461,7.8,2026-08-10 14:21:16,2026-08-10 14:36:54,938,32,1200,1182,0
T025,KA-06-F-1201,9,SIET College Gate,13.3706,77.1523,8.9,2026-08-10 14:24:16,2026-08-10 14:42:28,1092,25,1200,1198,0
T026,KA-06-F-1345,1,Tumkur KSRTC Bus Stand,13.3392,77.1015,0.0,2026-08-10 14:20:00,2026-08-10 14:20:00,0,26,1200,1200,0
T026,KA-06-F-1345,2,Ashoka Circle,13.3428,77.1069,0.9,2026-08-10 14:22:27,2026-08-10 14:22:41,14,20,1200,1114,0
T026,KA-06-F-1345,3,Bhagat Singh Layout,13.3465,77.1122,1.9,2026-08-10 14:25:10,2026-08-10 14:25:31,20,21,1200,1013,0
T026,KA-06-F-1345,4,Tumkur City Railway Station,13.3499,77.118,2.9,2026-08-10 14:27:54,2026-08-10 14:28:24,30,14,1200,881,0
T026,KA-06-F-1345,5,Antharasanahalli,13.3541,77.1249,4.1,2026-08-10 14:31:10,2026-08-10 14:31:24,13,17,1200,711,0
T026,KA-06-F-1345,6,Vidyanagar Cross,13.3583,77.1318,5.3,2026-08-10 14:34:27,2026-08-10 14:34:42,15,19,1200,576,0
T026,KA-06-F-1345,7,Maralenahalli Cross (NH-4),13.3628,77.1392,6.6,2026-08-10 14:38:00,2026-08-10 14:38:33,33,5,1200,456,1
T026,KA-06-F-1345,8,Sira Road Junction,13.3671,77.1461,7.8,2026-08-10 14:41:16,2026-08-10 14:41:22,6,9,1200,268,1
T026,KA-06-F-1345,9,SIET College Gate,13.3706,77.1523,8.9,2026-08-10 14:44:16,2026-08-10 14:44:00,-16,13,1200,92,1
T027,KA-06-F-1522,1,Tumkur KSRTC Bus Stand,13.3392,77.1015,0.0,2026-08-10 14:40:00,2026-08-10 14:40:00,0,42,1200,1200,0
T027,KA-06-F-1522,2,Ashoka Circle,13.3428,77.1069,0.9,2026-08-10 14:42:27,2026-08-10 14:43:11,44,14,1200,1230,0
T027,KA-06-F-1522,3,Bhagat Singh Layout,13.3465,77.1122,1.9,2026-08-10 14:45:10,2026-08-10 14:46:01,50,20,1200,1230,0
T027,KA-06-F-1522,4,Tumkur City Railway Station,13.3499,77.118,2.9,2026-08-10 14:47:54,2026-08-10 14:49:14,80,27,1200,1250,0
T027,KA-06-F-1522,5,Antharasanahalli,13.3541,77.1249,4.1,2026-08-10 14:51:10,2026-08-10 14:53:09,119,28,1200,1305,0
T027,KA-06-F-1522,6,Vidyanagar Cross,13.3583,77.1318,5.3,2026-08-10 14:54:27,2026-08-10 14:57:00,153,31,1200,1338,0
T027,KA-06-F-1522,7,Maralenahalli Cross (NH-4),13.3628,77.1392,6.6,2026-08-10 14:58:00,2026-08-10 15:00:57,177,26,1200,1344,0
T027,KA-06-F-1522,8,Sira Road Junction,13.3671,77.1461,7.8,2026-08-10 15:01:16,2026-08-10 15:04:41,204,33,1200,1399,0
T027,KA-06-F-1522,9,SIET College Gate,13.3706,77.1523,8.9,2026-08-10 15:04:16,2026-08-10 15:08:28,252,29,1200,1468,0
T028,KA-06-F-1678,1,Tumkur KSRTC Bus Stand,13.3392,77.1015,0.0,2026-08-10 15:00:00,2026-08-10 15:00:00,0,25,1200,1200,0
T028,KA-06-F-1678,2,Ashoka Circle,13.3428,77.1069,0.9,2026-08-10 15:02:27,2026-08-10 15:02:47,20,34,1200,1176,0
T028,KA-06-F-1678,3,Bhagat Singh Layout,13.3465,77.1122,1.9,2026-08-10 15:05:10,2026-08-10 15:05:54,43,31,1200,1193,0
T028,KA-06-F-1678,4,Tumkur City Railway Station,13.3499,77.118,2.9,2026-08-10 15:07:54,2026-08-10 15:09:19,85,26,1200,1205,0
T028,KA-06-F-1678,5,Antharasanahalli,13.3541,77.1249,4.1,2026-08-10 15:11:10,2026-08-10 15:13:03,113,34,1200,1194,0
T028,KA-06-F-1678,6,Vidyanagar Cross,13.3583,77.1318,5.3,2026-08-10 15:14:27,2026-08-10 15:17:00,153,31,1200,1200,0
T028,KA-06-F-1678,7,Maralenahalli Cross (NH-4),13.3628,77.1392,6.6,2026-08-10 15:18:00,2026-08-10 15:20:47,167,22,1200,1190,0
T028,KA-06-F-1678,8,Sira Road Junction,13.3671,77.1461,7.8,2026-08-10 15:21:16,2026-08-10 15:24:28,192,31,1200,1187,0
T028,KA-06-F-1678,9,SIET College Gate,13.3706,77.1523,8.9,2026-08-10 15:24:16,2026-08-10 15:27:51,214,19,1200,1163,0
T029,KA-06-F-1899,1,Tumkur KSRTC Bus Stand,13.3392,77.1015,0.0,2026-08-10 15:20:00,2026-08-10 15:20:00,0,29,1200,1200,0
T029,KA-06-F-1899,2,Ashoka Circle,13.3428,77.1069,0.9,2026-08-10 15:22:27,2026-08-10 15:22:27,0,45,1200,1180,0
T029,KA-06-F-1899,3,Bhagat Singh Layout,13.3465,77.1122,1.9,2026-08-10 15:25:10,2026-08-10 15:25:27,16,36,1200,1173,0
T029,KA-06-F-1899,4,Tumkur City Railway Station,13.3499,77.118,2.9,2026-08-10 15:27:54,2026-08-10 15:28:31,36,16,1200,1152,0
T029,KA-06-F-1899,5,Antharasanahalli,13.3541,77.1249,4.1,2026-08-10 15:31:10,2026-08-10 15:31:52,41,38,1200,1129,0
T029,KA-06-F-1899,6,Vidyanagar Cross,13.3583,77.1318,5.3,2026-08-10 15:34:27,2026-08-10 15:35:11,44,39,1200,1091,0
T029,KA-06-F-1899,7,Maralenahalli Cross (NH-4),13.3628,77.1392,6.6,2026-08-10 15:38:00,2026-08-10 15:38:49,49,38,1200,1082,0
T029,KA-06-F-1899,8,Sira Road Junction,13.3671,77.1461,7.8,2026-08-10 15:41:16,2026-08-10 15:42:05,49,48,1200,1057,0
T029,KA-06-F-1899,9,SIET College Gate,13.3706,77.1523,8.9,2026-08-10 15:44:16,2026-08-10 15:45:37,81,25,1200,1066,0
T030,KA-06-F-2011,1,Tumkur KSRTC Bus Stand,13.3392,77.1015,0.0,2026-08-10 15:40:00,2026-08-10 15:40:00,0,22,1200,1200,0
T030,KA-06-F-2011,2,Ashoka Circle,13.3428,77.1069,0.9,2026-08-10 15:42:27,2026-08-10 15:42:36,8,27,1200,1209,0
T030,KA-06-F-2011,3,Bhagat Singh Layout,13.3465,77.1122,1.9,2026-08-10 15:45:10,2026-08-10 15:45:11,0,40,1200,1184,0
